{
  "tag": "pre-stage-1-100ms-stub",
  "captured_at": "2026-05-23T23:37:43.889599+00:00",
  "git_describe": "v0.1.1-12-g7c01088-dirty",
  "stub_profile": "small",
  "stub_latency_ms": 100.0,
  "stub_jitter_ms": 10.0,
  "duration_per_scenario": "30s",
  "scenarios": {
    "evaluate_extract": {
      "p50_ms": 101.803,
      "p99_ms": 110.927,
      "p95_ms": 110.927,
      "avg_ms": 101.93770656239369,
      "requests_per_sec": 97.72922279547912,
      "iterations": 2941,
      "check_pass_rate": 1,
      "stub_peak_in_flight": 10,
      "k6_exit_code": 99
    },
    "batch_evaluate_10": {
      "p50_ms": 1025.4180000000001,
      "p99_ms": 1054.3007499999999,
      "p95_ms": 1054.3007499999999,
      "avg_ms": 1025.410766666667,
      "requests_per_sec": 4.861851620631792,
      "iterations": 150,
      "check_pass_rate": 1,
      "stub_peak_in_flight": 5,
      "k6_exit_code": 0
    },
    "batch_evaluate_100": {
      "p50_ms": 10312.111499999999,
      "p99_ms": 10375.2215,
      "p95_ms": 10375.2215,
      "avg_ms": 10319.862666666666,
      "requests_per_sec": 0.193125628865329,
      "iterations": 6,
      "check_pass_rate": 1,
      "stub_peak_in_flight": 2,
      "k6_exit_code": 0
    },
    "politeness_concurrent": {
      "p50_ms": 1017.9325,
      "p99_ms": 1058.68945,
      "p95_ms": 1058.68945,
      "avg_ms": 677.2005777777781,
      "requests_per_sec": 2.9097247235527117,
      "iterations": 59,
      "check_pass_rate": 1,
      "stub_peak_in_flight": 2,
      "k6_exit_code": 0
    }
  }
}